<?xml version="1.0" encoding="UTF-8" ?>
<!-- This is a WordPress eXtended RSS file generated by WordPress as an export of your site. -->
<!-- It contains information about your site's posts, pages, comments, categories, and other content. -->
<!-- You may use this file to transfer that content from one site to another. -->
<!-- This file is not intended to serve as a complete backup of your site. -->

<!-- To import this information into a WordPress site follow these steps: -->
<!-- 1. Log in to that site as an administrator. -->
<!-- 2. Go to Tools: Import in the WordPress admin panel. -->
<!-- 3. Install the "WordPress" importer from the list. -->
<!-- 4. Activate & Run Importer. -->
<!-- 5. Upload this file using the form provided on that page. -->
<!-- 6. You will first be asked to map the authors in this export file to users -->
<!--    on the site. For each author, you may choose to map to an -->
<!--    existing user on the site or to create a new user. -->
<!-- 7. WordPress will then import each of the posts, pages, comments, categories, etc. -->
<!--    contained in this file into your site. -->

<!-- generator="WordPress/3.9.1" created="2014-07-17 00:57" -->
<rss version="2.0"
	xmlns:excerpt="http://wordpress.org/export/1.2/excerpt/"
	xmlns:content="http://purl.org/rss/1.0/modules/content/"
	xmlns:wfw="http://wellformedweb.org/CommentAPI/"
	xmlns:dc="http://purl.org/dc/elements/1.1/"
	xmlns:wp="http://wordpress.org/export/1.2/"
>

<channel>
	<title></title>
	<link>http://glennhodgkinson.com</link>
	<description></description>
	<pubDate>Thu, 17 Jul 2014 00:57:04 +0000</pubDate>
	<language>en-US</language>
	<wp:wxr_version>1.2</wp:wxr_version>
	<wp:base_site_url>http://glennhodgkinson.com</wp:base_site_url>
	<wp:base_blog_url>http://glennhodgkinson.com</wp:base_blog_url>

	<wp:author><wp:author_id>1</wp:author_id><wp:author_login>glenn</wp:author_login><wp:author_email>gbinteractive@gmail.com</wp:author_email><wp:author_display_name><![CDATA[glenn]]></wp:author_display_name><wp:author_first_name><![CDATA[Glenn]]></wp:author_first_name><wp:author_last_name><![CDATA[Hodgkinson]]></wp:author_last_name></wp:author>

	<wp:category><wp:term_id>1</wp:term_id><wp:category_nicename>uncategorized</wp:category_nicename><wp:category_parent></wp:category_parent><wp:cat_name><![CDATA[Uncategorized]]></wp:cat_name></wp:category>
	<wp:tag><wp:term_id>3</wp:term_id><wp:tag_slug>drupal</wp:tag_slug><wp:tag_name><![CDATA[Drupal]]></wp:tag_name></wp:tag>
	<wp:tag><wp:term_id>4</wp:term_id><wp:tag_slug>drupalcon</wp:tag_slug><wp:tag_name><![CDATA[DrupalCon]]></wp:tag_name></wp:tag>
	<wp:tag><wp:term_id>5</wp:term_id><wp:tag_slug>events</wp:tag_slug><wp:tag_name><![CDATA[Events]]></wp:tag_name></wp:tag>
	<wp:term><wp:term_id>2</wp:term_id><wp:term_taxonomy>nav_menu</wp:term_taxonomy><wp:term_slug>main-nav</wp:term_slug><wp:term_name><![CDATA[Main Nav]]></wp:term_name></wp:term>

	<generator>http://wordpress.org/?v=3.9.1</generator>

	<item>
				<title>Develop</title>
		<link>http://glennhodgkinson.com/develop/</link>
		<pubDate>Sun, 27 Apr 2014 03:34:11 +0000</pubDate>
		<dc:creator><![CDATA[glenn]]></dc:creator>
		<guid isPermaLink="false">http://glennhodgkinson.com/?page_id=6</guid>
		<description></description>
		<content:encoded><![CDATA[I first started to tinker around with web languages around the mid 1990's. I made heavy use of the marquee tag and created animated gifs to accompany my blinking text. I quickly moved on to server-side languages such as Coldfusion, ASP, and PHP.

<img class="aligncenter size-full wp-image-84" src="http://glennhodgkinson.com/wp-content/uploads/2014/04/code.jpg" alt="Code" width="840" height="168" />

It was PHP where I spent most of my time and I found myself being thrust into building web applications for massive corporations whilst figuring it out as I went (interesting and fun times!)

Fast-forward to today and I still spend most of my time writing PHP with a large sampling of HTML5, CSS3, and JavaScript.

I am a staunch advocate for open source. I have fallen in love with Drupal...well, it's a love/hate kinda thing. I also bounce around in WordPress for fun.
<blockquote>I was one of the first developers to jump onto the responsive web design bandwagon and use my teaching position, at the American Graphics Institute, to force it down everybody's throat.</blockquote>
I love solving problems. It really is that simple. It is also why I am still developing after nearly 20 years in the field.]]></content:encoded>
		<excerpt:encoded><![CDATA[]]></excerpt:encoded>
		<wp:post_id>6</wp:post_id>
		<wp:post_date>2014-04-27 03:34:11</wp:post_date>
		<wp:post_date_gmt>2014-04-27 03:34:11</wp:post_date_gmt>
		<wp:comment_status>closed</wp:comment_status>
		<wp:ping_status>open</wp:ping_status>
		<wp:post_name>develop</wp:post_name>
		<wp:status>publish</wp:status>
		<wp:post_parent>0</wp:post_parent>
		<wp:menu_order>0</wp:menu_order>
		<wp:post_type>page</wp:post_type>
		<wp:post_password></wp:post_password>
		<wp:is_sticky>0</wp:is_sticky>
		<wp:postmeta>
			<wp:meta_key>_edit_last</wp:meta_key>
			<wp:meta_value><![CDATA[1]]></wp:meta_value>
		</wp:postmeta>
		<wp:postmeta>
			<wp:meta_key>_wp_page_template</wp:meta_key>
			<wp:meta_value><![CDATA[default]]></wp:meta_value>
		</wp:postmeta>
	</item>
	<item>
				<title>Design</title>
		<link>http://glennhodgkinson.com/design/</link>
		<pubDate>Sun, 27 Apr 2014 05:27:59 +0000</pubDate>
		<dc:creator><![CDATA[glenn]]></dc:creator>
		<guid isPermaLink="false">http://glennhodgkinson.com/?page_id=12</guid>
		<description></description>
		<content:encoded><![CDATA[Although I like to think of myself as a developer first and foremost, I have actually spent the bulk of the last 10 years of my life teaching design.

I have consulted for Microsoft, where I had the grand title of UX Evangelist (wahooo!), for Google (title: consultant...pfttt), the American Graphics Institute, and many more fortune 500 companies.

<img class="aligncenter wp-image-82 size-full" src="http://glennhodgkinson.com/wp-content/uploads/2014/04/wp1.jpg" alt="Design desk" width="840" height="168" />

I bring a developer's mindset to design; goal orientated, deliberate, and with a targeted user-centric thought process.
<blockquote>I love designs which get out of the way. I believe in content first design in a mobile first development workflow.</blockquote>
All of the sites I use on a daily basis become my favorites because they achieve their purpose, not because they have spinning monkeys on every hover state.

Designing for the web is very different than graphic design. The user is interacting with the design and so there are many variables to consider.

For example:
<ul>
	<li>Should there be more negative space on the links for touch devices?</li>
	<li>What happens to the width of the text columns at large screen sizes?</li>
	<li>What if they still use IE7?</li>
	<li>How will the layout affect different devices?</li>
</ul>
Web design is now design on steroids! There are so many moving parts in an ever changing environment that a pretty face just isn't enough any more.

But pretty does help :)]]></content:encoded>
		<excerpt:encoded><![CDATA[]]></excerpt:encoded>
		<wp:post_id>12</wp:post_id>
		<wp:post_date>2014-04-27 05:27:59</wp:post_date>
		<wp:post_date_gmt>2014-04-27 05:27:59</wp:post_date_gmt>
		<wp:comment_status>closed</wp:comment_status>
		<wp:ping_status>open</wp:ping_status>
		<wp:post_name>design</wp:post_name>
		<wp:status>publish</wp:status>
		<wp:post_parent>0</wp:post_parent>
		<wp:menu_order>0</wp:menu_order>
		<wp:post_type>page</wp:post_type>
		<wp:post_password></wp:post_password>
		<wp:is_sticky>0</wp:is_sticky>
		<wp:postmeta>
			<wp:meta_key>_edit_last</wp:meta_key>
			<wp:meta_value><![CDATA[1]]></wp:meta_value>
		</wp:postmeta>
		<wp:postmeta>
			<wp:meta_key>_wp_page_template</wp:meta_key>
			<wp:meta_value><![CDATA[default]]></wp:meta_value>
		</wp:postmeta>
	</item>
	<item>
				<title>About</title>
		<link>http://glennhodgkinson.com/about/</link>
		<pubDate>Sun, 27 Apr 2014 05:57:35 +0000</pubDate>
		<dc:creator><![CDATA[glenn]]></dc:creator>
		<guid isPermaLink="false">http://glennhodgkinson.com/?page_id=18</guid>
		<description></description>
		<content:encoded><![CDATA[<img class="alignright wp-image-76 size-medium" src="http://glennhodgkinson.com/wp-content/uploads/2014/05/IMG_5713-200x300.png" alt="IMG_5713" width="200" height="300" />I drink too much coffee and don't get enough sleep.

I am originally from England but now live just outside of Boston, USA.

I have a beautiful family; a wonderful wife and two small children (which is why I drink too much coffee and don't get enough sleep).

I have been designing and developing websites for 20 years.]]></content:encoded>
		<excerpt:encoded><![CDATA[]]></excerpt:encoded>
		<wp:post_id>18</wp:post_id>
		<wp:post_date>2014-04-27 05:57:35</wp:post_date>
		<wp:post_date_gmt>2014-04-27 05:57:35</wp:post_date_gmt>
		<wp:comment_status>closed</wp:comment_status>
		<wp:ping_status>open</wp:ping_status>
		<wp:post_name>about</wp:post_name>
		<wp:status>publish</wp:status>
		<wp:post_parent>0</wp:post_parent>
		<wp:menu_order>0</wp:menu_order>
		<wp:post_type>page</wp:post_type>
		<wp:post_password></wp:post_password>
		<wp:is_sticky>0</wp:is_sticky>
		<wp:postmeta>
			<wp:meta_key>_edit_last</wp:meta_key>
			<wp:meta_value><![CDATA[1]]></wp:meta_value>
		</wp:postmeta>
		<wp:postmeta>
			<wp:meta_key>_wp_page_template</wp:meta_key>
			<wp:meta_value><![CDATA[default]]></wp:meta_value>
		</wp:postmeta>
	</item>
	<item>
				<title>Educate</title>
		<link>http://glennhodgkinson.com/educate/</link>
		<pubDate>Sat, 03 May 2014 02:39:47 +0000</pubDate>
		<dc:creator><![CDATA[glenn]]></dc:creator>
		<guid isPermaLink="false">http://glennhodgkinson.com/?page_id=20</guid>
		<description></description>
		<content:encoded><![CDATA[<img class="alignright size-full wp-image-89" src="http://glennhodgkinson.com/wp-content/uploads/2014/05/logos.png" alt="Logos of some companies I have worked with." width="200" height="520" />I have consulted for Google, Microsoft, PIMCO, Wiley, Digital Classroom, and the American Graphics Institute among others.

I am a published author, which I constantly mention to my wife whenever I am told to take the trash out (doesn't work), and I enjoy blurring the line between design and development.

I have taught a range of web design and development courses including:
<ul>
	<li>HTML5 &amp; CSS3</li>
	<li>PHP</li>
	<li>HTML for Email (ewww!)</li>
	<li>Coding for eBooks</li>
	<li>Dreamweaver</li>
	<li>Illustrator</li>
	<li>Photoshop</li>
	<li>InDesign</li>
	<li>Flash</li>
	<li>Expression Web (does this count???)</li>
</ul>
&nbsp;]]></content:encoded>
		<excerpt:encoded><![CDATA[]]></excerpt:encoded>
		<wp:post_id>20</wp:post_id>
		<wp:post_date>2014-05-03 02:39:47</wp:post_date>
		<wp:post_date_gmt>2014-05-03 02:39:47</wp:post_date_gmt>
		<wp:comment_status>closed</wp:comment_status>
		<wp:ping_status>open</wp:ping_status>
		<wp:post_name>educate</wp:post_name>
		<wp:status>publish</wp:status>
		<wp:post_parent>0</wp:post_parent>
		<wp:menu_order>0</wp:menu_order>
		<wp:post_type>page</wp:post_type>
		<wp:post_password></wp:post_password>
		<wp:is_sticky>0</wp:is_sticky>
		<wp:postmeta>
			<wp:meta_key>_edit_last</wp:meta_key>
			<wp:meta_value><![CDATA[1]]></wp:meta_value>
		</wp:postmeta>
		<wp:postmeta>
			<wp:meta_key>_wp_page_template</wp:meta_key>
			<wp:meta_value><![CDATA[default]]></wp:meta_value>
		</wp:postmeta>
		<wp:postmeta>
			<wp:meta_key>_post_restored_from</wp:meta_key>
			<wp:meta_value><![CDATA[a:3:{s:20:"restored_revision_id";i:90;s:16:"restored_by_user";i:1;s:13:"restored_time";i:1400468104;}]]></wp:meta_value>
		</wp:postmeta>
	</item>
	<item>
				<title>Speak</title>
		<link>http://glennhodgkinson.com/speak/</link>
		<pubDate>Sat, 03 May 2014 02:40:00 +0000</pubDate>
		<dc:creator><![CDATA[glenn]]></dc:creator>
		<guid isPermaLink="false">http://glennhodgkinson.com/?page_id=23</guid>
		<description></description>
		<content:encoded><![CDATA[I am passionate about the web, content first design, and mobile first development built upon open source technologies.

I have spoken at many large events and for companies both massive and small. After the first five minutes I absolutely love it.

<a href="http://glennhodgkinson.com/wp-content/uploads/2014/05/mic.png"><img class="alignright size-full wp-image-97" src="http://glennhodgkinson.com/wp-content/uploads/2014/05/mic.png" alt="microphone" width="203" height="270" /></a>Some of the topics I have spoken on are:
<ul>
	<li>Advanced color correction using Adobe Photoshop</li>
	<li>HTML5 responsive front end development</li>
	<li>3D rendering with Adobe Illustrator</li>
	<li>WordPress theming</li>
	<li>UX design workflows for modern design agencies</li>
	<li>Drupal 7 theme development</li>
	<li>Interactive PDF creation with Adobe InDesign</li>
	<li>Information architecture and content strategy</li>
	<li>Migrating to open source web solutions</li>
</ul>
Best gig ever was speaking at the CRE8 conference - Miami Beach! Just a few hours of *work* each day and the rest of the time was free. So cool, please invite me again...no, seriously - please.]]></content:encoded>
		<excerpt:encoded><![CDATA[]]></excerpt:encoded>
		<wp:post_id>23</wp:post_id>
		<wp:post_date>2014-05-03 02:40:00</wp:post_date>
		<wp:post_date_gmt>2014-05-03 02:40:00</wp:post_date_gmt>
		<wp:comment_status>closed</wp:comment_status>
		<wp:ping_status>open</wp:ping_status>
		<wp:post_name>speak</wp:post_name>
		<wp:status>publish</wp:status>
		<wp:post_parent>0</wp:post_parent>
		<wp:menu_order>0</wp:menu_order>
		<wp:post_type>page</wp:post_type>
		<wp:post_password></wp:post_password>
		<wp:is_sticky>0</wp:is_sticky>
		<wp:postmeta>
			<wp:meta_key>_edit_last</wp:meta_key>
			<wp:meta_value><![CDATA[1]]></wp:meta_value>
		</wp:postmeta>
		<wp:postmeta>
			<wp:meta_key>_wp_page_template</wp:meta_key>
			<wp:meta_value><![CDATA[tpl_page_with_sidebar.php]]></wp:meta_value>
		</wp:postmeta>
	</item>
	<item>
				<title>Contact</title>
		<link>http://glennhodgkinson.com/contact/</link>
		<pubDate>Sat, 03 May 2014 02:40:11 +0000</pubDate>
		<dc:creator><![CDATA[glenn]]></dc:creator>
		<guid isPermaLink="false">http://glennhodgkinson.com/?page_id=25</guid>
		<description></description>
		<content:encoded><![CDATA[@bostonid

(isn't that all what's needed anymore?)]]></content:encoded>
		<excerpt:encoded><![CDATA[]]></excerpt:encoded>
		<wp:post_id>25</wp:post_id>
		<wp:post_date>2014-05-03 02:40:11</wp:post_date>
		<wp:post_date_gmt>2014-05-03 02:40:11</wp:post_date_gmt>
		<wp:comment_status>closed</wp:comment_status>
		<wp:ping_status>open</wp:ping_status>
		<wp:post_name>contact</wp:post_name>
		<wp:status>publish</wp:status>
		<wp:post_parent>0</wp:post_parent>
		<wp:menu_order>0</wp:menu_order>
		<wp:post_type>page</wp:post_type>
		<wp:post_password></wp:post_password>
		<wp:is_sticky>0</wp:is_sticky>
		<wp:postmeta>
			<wp:meta_key>_edit_last</wp:meta_key>
			<wp:meta_value><![CDATA[1]]></wp:meta_value>
		</wp:postmeta>
	</item>
	<item>
				<title>Home</title>
		<link>http://glennhodgkinson.com/?p=27</link>
		<pubDate>Wed, 30 Nov -0001 00:00:00 +0000</pubDate>
		<dc:creator><![CDATA[glenn]]></dc:creator>
		<guid isPermaLink="false">http://glennhodgkinson.com/?p=27</guid>
		<description></description>
		<content:encoded><![CDATA[]]></content:encoded>
		<excerpt:encoded><![CDATA[]]></excerpt:encoded>
		<wp:post_id>27</wp:post_id>
		<wp:post_date>2014-05-03 02:40:19</wp:post_date>
		<wp:post_date_gmt>0000-00-00 00:00:00</wp:post_date_gmt>
		<wp:comment_status>closed</wp:comment_status>
		<wp:ping_status>open</wp:ping_status>
		<wp:post_name></wp:post_name>
		<wp:status>draft</wp:status>
		<wp:post_parent>0</wp:post_parent>
		<wp:menu_order>1</wp:menu_order>
		<wp:post_type>nav_menu_item</wp:post_type>
		<wp:post_password></wp:post_password>
		<wp:is_sticky>0</wp:is_sticky>
		<wp:postmeta>
			<wp:meta_key>_menu_item_type</wp:meta_key>
			<wp:meta_value><![CDATA[custom]]></wp:meta_value>
		</wp:postmeta>
		<wp:postmeta>
			<wp:meta_key>_menu_item_menu_item_parent</wp:meta_key>
			<wp:meta_value><![CDATA[0]]></wp:meta_value>
		</wp:postmeta>
		<wp:postmeta>
			<wp:meta_key>_menu_item_object_id</wp:meta_key>
			<wp:meta_value><![CDATA[27]]></wp:meta_value>
		</wp:postmeta>
		<wp:postmeta>
			<wp:meta_key>_menu_item_object</wp:meta_key>
			<wp:meta_value><![CDATA[custom]]></wp:meta_value>
		</wp:postmeta>
		<wp:postmeta>
			<wp:meta_key>_menu_item_target</wp:meta_key>
			<wp:meta_value><![CDATA[]]></wp:meta_value>
		</wp:postmeta>
		<wp:postmeta>
			<wp:meta_key>_menu_item_classes</wp:meta_key>
			<wp:meta_value><![CDATA[a:1:{i:0;s:0:"";}]]></wp:meta_value>
		</wp:postmeta>
		<wp:postmeta>
			<wp:meta_key>_menu_item_xfn</wp:meta_key>
			<wp:meta_value><![CDATA[]]></wp:meta_value>
		</wp:postmeta>
		<wp:postmeta>
			<wp:meta_key>_menu_item_url</wp:meta_key>
			<wp:meta_value><![CDATA[http://glennhodgkinson.com/]]></wp:meta_value>
		</wp:postmeta>
		<wp:postmeta>
			<wp:meta_key>_menu_item_orphaned</wp:meta_key>
			<wp:meta_value><![CDATA[1399084819]]></wp:meta_value>
		</wp:postmeta>
	</item>
	<item>
				<title></title>
		<link>http://glennhodgkinson.com/28/</link>
		<pubDate>Sat, 03 May 2014 02:40:50 +0000</pubDate>
		<dc:creator><![CDATA[glenn]]></dc:creator>
		<guid isPermaLink="false">http://glennhodgkinson.com/?p=28</guid>
		<description></description>
		<content:encoded><![CDATA[ ]]></content:encoded>
		<excerpt:encoded><![CDATA[]]></excerpt:encoded>
		<wp:post_id>28</wp:post_id>
		<wp:post_date>2014-05-03 02:40:50</wp:post_date>
		<wp:post_date_gmt>2014-05-03 02:40:50</wp:post_date_gmt>
		<wp:comment_status>closed</wp:comment_status>
		<wp:ping_status>open</wp:ping_status>
		<wp:post_name>28</wp:post_name>
		<wp:status>publish</wp:status>
		<wp:post_parent>0</wp:post_parent>
		<wp:menu_order>1</wp:menu_order>
		<wp:post_type>nav_menu_item</wp:post_type>
		<wp:post_password></wp:post_password>
		<wp:is_sticky>0</wp:is_sticky>
		<category domain="nav_menu" nicename="main-nav"><![CDATA[Main Nav]]></category>
		<wp:postmeta>
			<wp:meta_key>_menu_item_type</wp:meta_key>
			<wp:meta_value><![CDATA[post_type]]></wp:meta_value>
		</wp:postmeta>
		<wp:postmeta>
			<wp:meta_key>_menu_item_menu_item_parent</wp:meta_key>
			<wp:meta_value><![CDATA[0]]></wp:meta_value>
		</wp:postmeta>
		<wp:postmeta>
			<wp:meta_key>_menu_item_object_id</wp:meta_key>
			<wp:meta_value><![CDATA[18]]></wp:meta_value>
		</wp:postmeta>
		<wp:postmeta>
			<wp:meta_key>_menu_item_object</wp:meta_key>
			<wp:meta_value><![CDATA[page]]></wp:meta_value>
		</wp:postmeta>
		<wp:postmeta>
			<wp:meta_key>_menu_item_target</wp:meta_key>
			<wp:meta_value><![CDATA[]]></wp:meta_value>
		</wp:postmeta>
		<wp:postmeta>
			<wp:meta_key>_menu_item_classes</wp:meta_key>
			<wp:meta_value><![CDATA[a:1:{i:0;s:0:"";}]]></wp:meta_value>
		</wp:postmeta>
		<wp:postmeta>
			<wp:meta_key>_menu_item_xfn</wp:meta_key>
			<wp:meta_value><![CDATA[]]></wp:meta_value>
		</wp:postmeta>
		<wp:postmeta>
			<wp:meta_key>_menu_item_url</wp:meta_key>
			<wp:meta_value><![CDATA[]]></wp:meta_value>
		</wp:postmeta>
	</item>
	<item>
				<title></title>
		<link>http://glennhodgkinson.com/29/</link>
		<pubDate>Sat, 03 May 2014 02:40:50 +0000</pubDate>
		<dc:creator><![CDATA[glenn]]></dc:creator>
		<guid isPermaLink="false">http://glennhodgkinson.com/?p=29</guid>
		<description></description>
		<content:encoded><![CDATA[ ]]></content:encoded>
		<excerpt:encoded><![CDATA[]]></excerpt:encoded>
		<wp:post_id>29</wp:post_id>
		<wp:post_date>2014-05-03 02:40:50</wp:post_date>
		<wp:post_date_gmt>2014-05-03 02:40:50</wp:post_date_gmt>
		<wp:comment_status>closed</wp:comment_status>
		<wp:ping_status>open</wp:ping_status>
		<wp:post_name>29</wp:post_name>
		<wp:status>publish</wp:status>
		<wp:post_parent>0</wp:post_parent>
		<wp:menu_order>7</wp:menu_order>
		<wp:post_type>nav_menu_item</wp:post_type>
		<wp:post_password></wp:post_password>
		<wp:is_sticky>0</wp:is_sticky>
		<category domain="nav_menu" nicename="main-nav"><![CDATA[Main Nav]]></category>
		<wp:postmeta>
			<wp:meta_key>_menu_item_type</wp:meta_key>
			<wp:meta_value><![CDATA[post_type]]></wp:meta_value>
		</wp:postmeta>
		<wp:postmeta>
			<wp:meta_key>_menu_item_menu_item_parent</wp:meta_key>
			<wp:meta_value><![CDATA[0]]></wp:meta_value>
		</wp:postmeta>
		<wp:postmeta>
			<wp:meta_key>_menu_item_object_id</wp:meta_key>
			<wp:meta_value><![CDATA[25]]></wp:meta_value>
		</wp:postmeta>
		<wp:postmeta>
			<wp:meta_key>_menu_item_object</wp:meta_key>
			<wp:meta_value><![CDATA[page]]></wp:meta_value>
		</wp:postmeta>
		<wp:postmeta>
			<wp:meta_key>_menu_item_target</wp:meta_key>
			<wp:meta_value><![CDATA[]]></wp:meta_value>
		</wp:postmeta>
		<wp:postmeta>
			<wp:meta_key>_menu_item_classes</wp:meta_key>
			<wp:meta_value><![CDATA[a:1:{i:0;s:0:"";}]]></wp:meta_value>
		</wp:postmeta>
		<wp:postmeta>
			<wp:meta_key>_menu_item_xfn</wp:meta_key>
			<wp:meta_value><![CDATA[]]></wp:meta_value>
		</wp:postmeta>
		<wp:postmeta>
			<wp:meta_key>_menu_item_url</wp:meta_key>
			<wp:meta_value><![CDATA[]]></wp:meta_value>
		</wp:postmeta>
	</item>
	<item>
				<title></title>
		<link>http://glennhodgkinson.com/30/</link>
		<pubDate>Sat, 03 May 2014 02:40:50 +0000</pubDate>
		<dc:creator><![CDATA[glenn]]></dc:creator>
		<guid isPermaLink="false">http://glennhodgkinson.com/?p=30</guid>
		<description></description>
		<content:encoded><![CDATA[ ]]></content:encoded>
		<excerpt:encoded><![CDATA[]]></excerpt:encoded>
		<wp:post_id>30</wp:post_id>
		<wp:post_date>2014-05-03 02:40:50</wp:post_date>
		<wp:post_date_gmt>2014-05-03 02:40:50</wp:post_date_gmt>
		<wp:comment_status>closed</wp:comment_status>
		<wp:ping_status>open</wp:ping_status>
		<wp:post_name>30</wp:post_name>
		<wp:status>publish</wp:status>
		<wp:post_parent>0</wp:post_parent>
		<wp:menu_order>2</wp:menu_order>
		<wp:post_type>nav_menu_item</wp:post_type>
		<wp:post_password></wp:post_password>
		<wp:is_sticky>0</wp:is_sticky>
		<category domain="nav_menu" nicename="main-nav"><![CDATA[Main Nav]]></category>
		<wp:postmeta>
			<wp:meta_key>_menu_item_type</wp:meta_key>
			<wp:meta_value><![CDATA[post_type]]></wp:meta_value>
		</wp:postmeta>
		<wp:postmeta>
			<wp:meta_key>_menu_item_menu_item_parent</wp:meta_key>
			<wp:meta_value><![CDATA[0]]></wp:meta_value>
		</wp:postmeta>
		<wp:postmeta>
			<wp:meta_key>_menu_item_object_id</wp:meta_key>
			<wp:meta_value><![CDATA[12]]></wp:meta_value>
		</wp:postmeta>
		<wp:postmeta>
			<wp:meta_key>_menu_item_object</wp:meta_key>
			<wp:meta_value><![CDATA[page]]></wp:meta_value>
		</wp:postmeta>
		<wp:postmeta>
			<wp:meta_key>_menu_item_target</wp:meta_key>
			<wp:meta_value><![CDATA[]]></wp:meta_value>
		</wp:postmeta>
		<wp:postmeta>
			<wp:meta_key>_menu_item_classes</wp:meta_key>
			<wp:meta_value><![CDATA[a:1:{i:0;s:0:"";}]]></wp:meta_value>
		</wp:postmeta>
		<wp:postmeta>
			<wp:meta_key>_menu_item_xfn</wp:meta_key>
			<wp:meta_value><![CDATA[]]></wp:meta_value>
		</wp:postmeta>
		<wp:postmeta>
			<wp:meta_key>_menu_item_url</wp:meta_key>
			<wp:meta_value><![CDATA[]]></wp:meta_value>
		</wp:postmeta>
	</item>
	<item>
				<title></title>
		<link>http://glennhodgkinson.com/31/</link>
		<pubDate>Sat, 03 May 2014 02:40:50 +0000</pubDate>
		<dc:creator><![CDATA[glenn]]></dc:creator>
		<guid isPermaLink="false">http://glennhodgkinson.com/?p=31</guid>
		<description></description>
		<content:encoded><![CDATA[ ]]></content:encoded>
		<excerpt:encoded><![CDATA[]]></excerpt:encoded>
		<wp:post_id>31</wp:post_id>
		<wp:post_date>2014-05-03 02:40:50</wp:post_date>
		<wp:post_date_gmt>2014-05-03 02:40:50</wp:post_date_gmt>
		<wp:comment_status>closed</wp:comment_status>
		<wp:ping_status>open</wp:ping_status>
		<wp:post_name>31</wp:post_name>
		<wp:status>publish</wp:status>
		<wp:post_parent>0</wp:post_parent>
		<wp:menu_order>3</wp:menu_order>
		<wp:post_type>nav_menu_item</wp:post_type>
		<wp:post_password></wp:post_password>
		<wp:is_sticky>0</wp:is_sticky>
		<category domain="nav_menu" nicename="main-nav"><![CDATA[Main Nav]]></category>
		<wp:postmeta>
			<wp:meta_key>_menu_item_type</wp:meta_key>
			<wp:meta_value><![CDATA[post_type]]></wp:meta_value>
		</wp:postmeta>
		<wp:postmeta>
			<wp:meta_key>_menu_item_menu_item_parent</wp:meta_key>
			<wp:meta_value><![CDATA[0]]></wp:meta_value>
		</wp:postmeta>
		<wp:postmeta>
			<wp:meta_key>_menu_item_object_id</wp:meta_key>
			<wp:meta_value><![CDATA[6]]></wp:meta_value>
		</wp:postmeta>
		<wp:postmeta>
			<wp:meta_key>_menu_item_object</wp:meta_key>
			<wp:meta_value><![CDATA[page]]></wp:meta_value>
		</wp:postmeta>
		<wp:postmeta>
			<wp:meta_key>_menu_item_target</wp:meta_key>
			<wp:meta_value><![CDATA[]]></wp:meta_value>
		</wp:postmeta>
		<wp:postmeta>
			<wp:meta_key>_menu_item_classes</wp:meta_key>
			<wp:meta_value><![CDATA[a:1:{i:0;s:0:"";}]]></wp:meta_value>
		</wp:postmeta>
		<wp:postmeta>
			<wp:meta_key>_menu_item_xfn</wp:meta_key>
			<wp:meta_value><![CDATA[]]></wp:meta_value>
		</wp:postmeta>
		<wp:postmeta>
			<wp:meta_key>_menu_item_url</wp:meta_key>
			<wp:meta_value><![CDATA[]]></wp:meta_value>
		</wp:postmeta>
	</item>
	<item>
				<title></title>
		<link>http://glennhodgkinson.com/32/</link>
		<pubDate>Sat, 03 May 2014 02:40:50 +0000</pubDate>
		<dc:creator><![CDATA[glenn]]></dc:creator>
		<guid isPermaLink="false">http://glennhodgkinson.com/?p=32</guid>
		<description></description>
		<content:encoded><![CDATA[ ]]></content:encoded>
		<excerpt:encoded><![CDATA[]]></excerpt:encoded>
		<wp:post_id>32</wp:post_id>
		<wp:post_date>2014-05-03 02:40:50</wp:post_date>
		<wp:post_date_gmt>2014-05-03 02:40:50</wp:post_date_gmt>
		<wp:comment_status>closed</wp:comment_status>
		<wp:ping_status>open</wp:ping_status>
		<wp:post_name>32</wp:post_name>
		<wp:status>publish</wp:status>
		<wp:post_parent>0</wp:post_parent>
		<wp:menu_order>4</wp:menu_order>
		<wp:post_type>nav_menu_item</wp:post_type>
		<wp:post_password></wp:post_password>
		<wp:is_sticky>0</wp:is_sticky>
		<category domain="nav_menu" nicename="main-nav"><![CDATA[Main Nav]]></category>
		<wp:postmeta>
			<wp:meta_key>_menu_item_type</wp:meta_key>
			<wp:meta_value><![CDATA[post_type]]></wp:meta_value>
		</wp:postmeta>
		<wp:postmeta>
			<wp:meta_key>_menu_item_menu_item_parent</wp:meta_key>
			<wp:meta_value><![CDATA[0]]></wp:meta_value>
		</wp:postmeta>
		<wp:postmeta>
			<wp:meta_key>_menu_item_object_id</wp:meta_key>
			<wp:meta_value><![CDATA[20]]></wp:meta_value>
		</wp:postmeta>
		<wp:postmeta>
			<wp:meta_key>_menu_item_object</wp:meta_key>
			<wp:meta_value><![CDATA[page]]></wp:meta_value>
		</wp:postmeta>
		<wp:postmeta>
			<wp:meta_key>_menu_item_target</wp:meta_key>
			<wp:meta_value><![CDATA[]]></wp:meta_value>
		</wp:postmeta>
		<wp:postmeta>
			<wp:meta_key>_menu_item_classes</wp:meta_key>
			<wp:meta_value><![CDATA[a:1:{i:0;s:0:"";}]]></wp:meta_value>
		</wp:postmeta>
		<wp:postmeta>
			<wp:meta_key>_menu_item_xfn</wp:meta_key>
			<wp:meta_value><![CDATA[]]></wp:meta_value>
		</wp:postmeta>
		<wp:postmeta>
			<wp:meta_key>_menu_item_url</wp:meta_key>
			<wp:meta_value><![CDATA[]]></wp:meta_value>
		</wp:postmeta>
	</item>
	<item>
				<title></title>
		<link>http://glennhodgkinson.com/33/</link>
		<pubDate>Sat, 03 May 2014 02:40:50 +0000</pubDate>
		<dc:creator><![CDATA[glenn]]></dc:creator>
		<guid isPermaLink="false">http://glennhodgkinson.com/?p=33</guid>
		<description></description>
		<content:encoded><![CDATA[ ]]></content:encoded>
		<excerpt:encoded><![CDATA[]]></excerpt:encoded>
		<wp:post_id>33</wp:post_id>
		<wp:post_date>2014-05-03 02:40:50</wp:post_date>
		<wp:post_date_gmt>2014-05-03 02:40:50</wp:post_date_gmt>
		<wp:comment_status>closed</wp:comment_status>
		<wp:ping_status>open</wp:ping_status>
		<wp:post_name>33</wp:post_name>
		<wp:status>publish</wp:status>
		<wp:post_parent>0</wp:post_parent>
		<wp:menu_order>5</wp:menu_order>
		<wp:post_type>nav_menu_item</wp:post_type>
		<wp:post_password></wp:post_password>
		<wp:is_sticky>0</wp:is_sticky>
		<category domain="nav_menu" nicename="main-nav"><![CDATA[Main Nav]]></category>
		<wp:postmeta>
			<wp:meta_key>_menu_item_type</wp:meta_key>
			<wp:meta_value><![CDATA[post_type]]></wp:meta_value>
		</wp:postmeta>
		<wp:postmeta>
			<wp:meta_key>_menu_item_menu_item_parent</wp:meta_key>
			<wp:meta_value><![CDATA[0]]></wp:meta_value>
		</wp:postmeta>
		<wp:postmeta>
			<wp:meta_key>_menu_item_object_id</wp:meta_key>
			<wp:meta_value><![CDATA[23]]></wp:meta_value>
		</wp:postmeta>
		<wp:postmeta>
			<wp:meta_key>_menu_item_object</wp:meta_key>
			<wp:meta_value><![CDATA[page]]></wp:meta_value>
		</wp:postmeta>
		<wp:postmeta>
			<wp:meta_key>_menu_item_target</wp:meta_key>
			<wp:meta_value><![CDATA[]]></wp:meta_value>
		</wp:postmeta>
		<wp:postmeta>
			<wp:meta_key>_menu_item_classes</wp:meta_key>
			<wp:meta_value><![CDATA[a:1:{i:0;s:0:"";}]]></wp:meta_value>
		</wp:postmeta>
		<wp:postmeta>
			<wp:meta_key>_menu_item_xfn</wp:meta_key>
			<wp:meta_value><![CDATA[]]></wp:meta_value>
		</wp:postmeta>
		<wp:postmeta>
			<wp:meta_key>_menu_item_url</wp:meta_key>
			<wp:meta_value><![CDATA[]]></wp:meta_value>
		</wp:postmeta>
	</item>
	<item>
				<title></title>
		<link>http://glennhodgkinson.com/57/</link>
		<pubDate>Sat, 03 May 2014 16:18:48 +0000</pubDate>
		<dc:creator><![CDATA[glenn]]></dc:creator>
		<guid isPermaLink="false">http://glennhodgkinson.com/?p=57</guid>
		<description></description>
		<content:encoded><![CDATA[ ]]></content:encoded>
		<excerpt:encoded><![CDATA[]]></excerpt:encoded>
		<wp:post_id>57</wp:post_id>
		<wp:post_date>2014-05-03 16:18:48</wp:post_date>
		<wp:post_date_gmt>2014-05-03 16:18:48</wp:post_date_gmt>
		<wp:comment_status>closed</wp:comment_status>
		<wp:ping_status>open</wp:ping_status>
		<wp:post_name>57</wp:post_name>
		<wp:status>publish</wp:status>
		<wp:post_parent>0</wp:post_parent>
		<wp:menu_order>6</wp:menu_order>
		<wp:post_type>nav_menu_item</wp:post_type>
		<wp:post_password></wp:post_password>
		<wp:is_sticky>0</wp:is_sticky>
		<category domain="nav_menu" nicename="main-nav"><![CDATA[Main Nav]]></category>
		<wp:postmeta>
			<wp:meta_key>_menu_item_type</wp:meta_key>
			<wp:meta_value><![CDATA[post_type]]></wp:meta_value>
		</wp:postmeta>
		<wp:postmeta>
			<wp:meta_key>_menu_item_menu_item_parent</wp:meta_key>
			<wp:meta_value><![CDATA[0]]></wp:meta_value>
		</wp:postmeta>
		<wp:postmeta>
			<wp:meta_key>_menu_item_object_id</wp:meta_key>
			<wp:meta_value><![CDATA[53]]></wp:meta_value>
		</wp:postmeta>
		<wp:postmeta>
			<wp:meta_key>_menu_item_object</wp:meta_key>
			<wp:meta_value><![CDATA[page]]></wp:meta_value>
		</wp:postmeta>
		<wp:postmeta>
			<wp:meta_key>_menu_item_target</wp:meta_key>
			<wp:meta_value><![CDATA[]]></wp:meta_value>
		</wp:postmeta>
		<wp:postmeta>
			<wp:meta_key>_menu_item_classes</wp:meta_key>
			<wp:meta_value><![CDATA[a:1:{i:0;s:0:"";}]]></wp:meta_value>
		</wp:postmeta>
		<wp:postmeta>
			<wp:meta_key>_menu_item_xfn</wp:meta_key>
			<wp:meta_value><![CDATA[]]></wp:meta_value>
		</wp:postmeta>
		<wp:postmeta>
			<wp:meta_key>_menu_item_url</wp:meta_key>
			<wp:meta_value><![CDATA[]]></wp:meta_value>
		</wp:postmeta>
	</item>
	<item>
				<title>glenn-ikea</title>
		<link>http://glennhodgkinson.com/about/glenn-ikea/</link>
		<pubDate>Sun, 04 May 2014 17:44:34 +0000</pubDate>
		<dc:creator><![CDATA[glenn]]></dc:creator>
		<guid isPermaLink="false">http://glennhodgkinson.com/wp-content/uploads/2014/04/glenn-ikea.jpg</guid>
		<description></description>
		<content:encoded><![CDATA[]]></content:encoded>
		<excerpt:encoded><![CDATA[]]></excerpt:encoded>
		<wp:post_id>58</wp:post_id>
		<wp:post_date>2014-05-04 17:44:34</wp:post_date>
		<wp:post_date_gmt>2014-05-04 17:44:34</wp:post_date_gmt>
		<wp:comment_status>closed</wp:comment_status>
		<wp:ping_status>open</wp:ping_status>
		<wp:post_name>glenn-ikea</wp:post_name>
		<wp:status>inherit</wp:status>
		<wp:post_parent>18</wp:post_parent>
		<wp:menu_order>0</wp:menu_order>
		<wp:post_type>attachment</wp:post_type>
		<wp:post_password></wp:post_password>
		<wp:is_sticky>0</wp:is_sticky>
		<wp:attachment_url>http://glennhodgkinson.com/wp-content/uploads/2014/04/glenn-ikea.jpg</wp:attachment_url>
		<wp:postmeta>
			<wp:meta_key>_wp_attached_file</wp:meta_key>
			<wp:meta_value><![CDATA[2014/04/glenn-ikea.jpg]]></wp:meta_value>
		</wp:postmeta>
		<wp:postmeta>
			<wp:meta_key>_wp_attachment_metadata</wp:meta_key>
			<wp:meta_value><![CDATA[a:5:{s:5:"width";i:450;s:6:"height";i:600;s:4:"file";s:22:"2014/04/glenn-ikea.jpg";s:5:"sizes";a:2:{s:9:"thumbnail";a:4:{s:4:"file";s:22:"glenn-ikea-150x150.jpg";s:5:"width";i:150;s:6:"height";i:150;s:9:"mime-type";s:10:"image/jpeg";}s:6:"medium";a:4:{s:4:"file";s:22:"glenn-ikea-225x300.jpg";s:5:"width";i:225;s:6:"height";i:300;s:9:"mime-type";s:10:"image/jpeg";}}s:10:"image_meta";a:10:{s:8:"aperture";i:0;s:6:"credit";s:0:"";s:6:"camera";s:0:"";s:7:"caption";s:0:"";s:17:"created_timestamp";i:0;s:9:"copyright";s:0:"";s:12:"focal_length";i:0;s:3:"iso";i:0;s:13:"shutter_speed";i:0;s:5:"title";s:0:"";}}]]></wp:meta_value>
		</wp:postmeta>
	</item>
	<item>
				<title>IMG_5713</title>
		<link>http://glennhodgkinson.com/?attachment_id=76</link>
		<pubDate>Fri, 09 May 2014 01:47:56 +0000</pubDate>
		<dc:creator><![CDATA[glenn]]></dc:creator>
		<guid isPermaLink="false">http://glennhodgkinson.com/wp-content/uploads/2014/05/IMG_5713.png</guid>
		<description></description>
		<content:encoded><![CDATA[]]></content:encoded>
		<excerpt:encoded><![CDATA[]]></excerpt:encoded>
		<wp:post_id>76</wp:post_id>
		<wp:post_date>2014-05-09 01:47:56</wp:post_date>
		<wp:post_date_gmt>2014-05-09 01:47:56</wp:post_date_gmt>
		<wp:comment_status>closed</wp:comment_status>
		<wp:ping_status>open</wp:ping_status>
		<wp:post_name>img_5713</wp:post_name>
		<wp:status>inherit</wp:status>
		<wp:post_parent>0</wp:post_parent>
		<wp:menu_order>0</wp:menu_order>
		<wp:post_type>attachment</wp:post_type>
		<wp:post_password></wp:post_password>
		<wp:is_sticky>0</wp:is_sticky>
		<wp:attachment_url>http://glennhodgkinson.com/wp-content/uploads/2014/05/IMG_5713-e1399600116635.png</wp:attachment_url>
		<wp:postmeta>
			<wp:meta_key>_wp_attached_file</wp:meta_key>
			<wp:meta_value><![CDATA[2014/05/IMG_5713-e1399600116635.png]]></wp:meta_value>
		</wp:postmeta>
		<wp:postmeta>
			<wp:meta_key>_wp_attachment_metadata</wp:meta_key>
			<wp:meta_value><![CDATA[a:5:{s:5:"width";i:300;s:6:"height";i:450;s:4:"file";s:35:"2014/05/IMG_5713-e1399600116635.png";s:5:"sizes";a:2:{s:9:"thumbnail";a:4:{s:4:"file";s:20:"IMG_5713-150x150.png";s:5:"width";i:150;s:6:"height";i:150;s:9:"mime-type";s:9:"image/png";}s:6:"medium";a:4:{s:4:"file";s:20:"IMG_5713-200x300.png";s:5:"width";i:200;s:6:"height";i:300;s:9:"mime-type";s:9:"image/png";}}s:10:"image_meta";a:10:{s:8:"aperture";i:0;s:6:"credit";s:0:"";s:6:"camera";s:0:"";s:7:"caption";s:0:"";s:17:"created_timestamp";i:0;s:9:"copyright";s:0:"";s:12:"focal_length";i:0;s:3:"iso";i:0;s:13:"shutter_speed";i:0;s:5:"title";s:0:"";}}]]></wp:meta_value>
		</wp:postmeta>
		<wp:postmeta>
			<wp:meta_key>_wp_attachment_backup_sizes</wp:meta_key>
			<wp:meta_value><![CDATA[a:1:{s:9:"full-orig";a:3:{s:5:"width";i:640;s:6:"height";i:960;s:4:"file";s:12:"IMG_5713.png";}}]]></wp:meta_value>
		</wp:postmeta>
	</item>
	<item>
				<title>wp1</title>
		<link>http://glennhodgkinson.com/design/wp1/</link>
		<pubDate>Mon, 19 May 2014 01:40:55 +0000</pubDate>
		<dc:creator><![CDATA[glenn]]></dc:creator>
		<guid isPermaLink="false">http://glennhodgkinson.com/wp-content/uploads/2014/04/wp1.jpg</guid>
		<description></description>
		<content:encoded><![CDATA[]]></content:encoded>
		<excerpt:encoded><![CDATA[]]></excerpt:encoded>
		<wp:post_id>82</wp:post_id>
		<wp:post_date>2014-05-19 01:40:55</wp:post_date>
		<wp:post_date_gmt>2014-05-19 01:40:55</wp:post_date_gmt>
		<wp:comment_status>closed</wp:comment_status>
		<wp:ping_status>open</wp:ping_status>
		<wp:post_name>wp1</wp:post_name>
		<wp:status>inherit</wp:status>
		<wp:post_parent>12</wp:post_parent>
		<wp:menu_order>0</wp:menu_order>
		<wp:post_type>attachment</wp:post_type>
		<wp:post_password></wp:post_password>
		<wp:is_sticky>0</wp:is_sticky>
		<wp:attachment_url>http://glennhodgkinson.com/wp-content/uploads/2014/04/wp1.jpg</wp:attachment_url>
		<wp:postmeta>
			<wp:meta_key>_wp_attached_file</wp:meta_key>
			<wp:meta_value><![CDATA[2014/04/wp1.jpg]]></wp:meta_value>
		</wp:postmeta>
		<wp:postmeta>
			<wp:meta_key>_wp_attachment_metadata</wp:meta_key>
			<wp:meta_value><![CDATA[a:5:{s:5:"width";i:840;s:6:"height";i:168;s:4:"file";s:15:"2014/04/wp1.jpg";s:5:"sizes";a:2:{s:9:"thumbnail";a:4:{s:4:"file";s:15:"wp1-150x150.jpg";s:5:"width";i:150;s:6:"height";i:150;s:9:"mime-type";s:10:"image/jpeg";}s:6:"medium";a:4:{s:4:"file";s:14:"wp1-300x60.jpg";s:5:"width";i:300;s:6:"height";i:60;s:9:"mime-type";s:10:"image/jpeg";}}s:10:"image_meta";a:10:{s:8:"aperture";i:0;s:6:"credit";s:0:"";s:6:"camera";s:0:"";s:7:"caption";s:0:"";s:17:"created_timestamp";i:0;s:9:"copyright";s:0:"";s:12:"focal_length";i:0;s:3:"iso";i:0;s:13:"shutter_speed";i:0;s:5:"title";s:0:"";}}]]></wp:meta_value>
		</wp:postmeta>
	</item>
	<item>
				<title>code</title>
		<link>http://glennhodgkinson.com/develop/code/</link>
		<pubDate>Mon, 19 May 2014 01:46:11 +0000</pubDate>
		<dc:creator><![CDATA[glenn]]></dc:creator>
		<guid isPermaLink="false">http://glennhodgkinson.com/wp-content/uploads/2014/04/code.jpg</guid>
		<description></description>
		<content:encoded><![CDATA[]]></content:encoded>
		<excerpt:encoded><![CDATA[]]></excerpt:encoded>
		<wp:post_id>84</wp:post_id>
		<wp:post_date>2014-05-19 01:46:11</wp:post_date>
		<wp:post_date_gmt>2014-05-19 01:46:11</wp:post_date_gmt>
		<wp:comment_status>closed</wp:comment_status>
		<wp:ping_status>open</wp:ping_status>
		<wp:post_name>code</wp:post_name>
		<wp:status>inherit</wp:status>
		<wp:post_parent>6</wp:post_parent>
		<wp:menu_order>0</wp:menu_order>
		<wp:post_type>attachment</wp:post_type>
		<wp:post_password></wp:post_password>
		<wp:is_sticky>0</wp:is_sticky>
		<wp:attachment_url>http://glennhodgkinson.com/wp-content/uploads/2014/04/code.jpg</wp:attachment_url>
		<wp:postmeta>
			<wp:meta_key>_wp_attached_file</wp:meta_key>
			<wp:meta_value><![CDATA[2014/04/code.jpg]]></wp:meta_value>
		</wp:postmeta>
		<wp:postmeta>
			<wp:meta_key>_wp_attachment_metadata</wp:meta_key>
			<wp:meta_value><![CDATA[a:5:{s:5:"width";i:840;s:6:"height";i:168;s:4:"file";s:16:"2014/04/code.jpg";s:5:"sizes";a:2:{s:9:"thumbnail";a:4:{s:4:"file";s:16:"code-150x150.jpg";s:5:"width";i:150;s:6:"height";i:150;s:9:"mime-type";s:10:"image/jpeg";}s:6:"medium";a:4:{s:4:"file";s:15:"code-300x60.jpg";s:5:"width";i:300;s:6:"height";i:60;s:9:"mime-type";s:10:"image/jpeg";}}s:10:"image_meta";a:10:{s:8:"aperture";i:0;s:6:"credit";s:0:"";s:6:"camera";s:0:"";s:7:"caption";s:0:"";s:17:"created_timestamp";i:0;s:9:"copyright";s:0:"";s:12:"focal_length";i:0;s:3:"iso";i:0;s:13:"shutter_speed";i:0;s:5:"title";s:0:"";}}]]></wp:meta_value>
		</wp:postmeta>
		<wp:postmeta>
			<wp:meta_key>_wp_attachment_image_alt</wp:meta_key>
			<wp:meta_value><![CDATA[Code]]></wp:meta_value>
		</wp:postmeta>
	</item>
	<item>
				<title>logos</title>
		<link>http://glennhodgkinson.com/educate/logos/</link>
		<pubDate>Mon, 19 May 2014 02:02:17 +0000</pubDate>
		<dc:creator><![CDATA[glenn]]></dc:creator>
		<guid isPermaLink="false">http://glennhodgkinson.com/wp-content/uploads/2014/05/logos.png</guid>
		<description></description>
		<content:encoded><![CDATA[]]></content:encoded>
		<excerpt:encoded><![CDATA[]]></excerpt:encoded>
		<wp:post_id>89</wp:post_id>
		<wp:post_date>2014-05-19 02:02:17</wp:post_date>
		<wp:post_date_gmt>2014-05-19 02:02:17</wp:post_date_gmt>
		<wp:comment_status>closed</wp:comment_status>
		<wp:ping_status>open</wp:ping_status>
		<wp:post_name>logos</wp:post_name>
		<wp:status>inherit</wp:status>
		<wp:post_parent>20</wp:post_parent>
		<wp:menu_order>0</wp:menu_order>
		<wp:post_type>attachment</wp:post_type>
		<wp:post_password></wp:post_password>
		<wp:is_sticky>0</wp:is_sticky>
		<wp:attachment_url>http://glennhodgkinson.com/wp-content/uploads/2014/05/logos.png</wp:attachment_url>
		<wp:postmeta>
			<wp:meta_key>_wp_attached_file</wp:meta_key>
			<wp:meta_value><![CDATA[2014/05/logos.png]]></wp:meta_value>
		</wp:postmeta>
		<wp:postmeta>
			<wp:meta_key>_wp_attachment_metadata</wp:meta_key>
			<wp:meta_value><![CDATA[a:5:{s:5:"width";i:200;s:6:"height";i:520;s:4:"file";s:17:"2014/05/logos.png";s:5:"sizes";a:2:{s:9:"thumbnail";a:4:{s:4:"file";s:17:"logos-150x150.png";s:5:"width";i:150;s:6:"height";i:150;s:9:"mime-type";s:9:"image/png";}s:6:"medium";a:4:{s:4:"file";s:17:"logos-115x300.png";s:5:"width";i:115;s:6:"height";i:300;s:9:"mime-type";s:9:"image/png";}}s:10:"image_meta";a:10:{s:8:"aperture";i:0;s:6:"credit";s:0:"";s:6:"camera";s:0:"";s:7:"caption";s:0:"";s:17:"created_timestamp";i:0;s:9:"copyright";s:0:"";s:12:"focal_length";i:0;s:3:"iso";i:0;s:13:"shutter_speed";i:0;s:5:"title";s:0:"";}}]]></wp:meta_value>
		</wp:postmeta>
		<wp:postmeta>
			<wp:meta_key>_wp_attachment_image_alt</wp:meta_key>
			<wp:meta_value><![CDATA[Logos of some companies I have worked with.]]></wp:meta_value>
		</wp:postmeta>
	</item>
	<item>
				<title>mic</title>
		<link>http://glennhodgkinson.com/speak/mic/</link>
		<pubDate>Thu, 12 Jun 2014 03:50:10 +0000</pubDate>
		<dc:creator><![CDATA[glenn]]></dc:creator>
		<guid isPermaLink="false">http://glennhodgkinson.com/wp-content/uploads/2014/05/mic.png</guid>
		<description></description>
		<content:encoded><![CDATA[]]></content:encoded>
		<excerpt:encoded><![CDATA[]]></excerpt:encoded>
		<wp:post_id>97</wp:post_id>
		<wp:post_date>2014-06-12 03:50:10</wp:post_date>
		<wp:post_date_gmt>2014-06-12 03:50:10</wp:post_date_gmt>
		<wp:comment_status>closed</wp:comment_status>
		<wp:ping_status>open</wp:ping_status>
		<wp:post_name>mic</wp:post_name>
		<wp:status>inherit</wp:status>
		<wp:post_parent>23</wp:post_parent>
		<wp:menu_order>0</wp:menu_order>
		<wp:post_type>attachment</wp:post_type>
		<wp:post_password></wp:post_password>
		<wp:is_sticky>0</wp:is_sticky>
		<wp:attachment_url>http://glennhodgkinson.com/wp-content/uploads/2014/05/mic.png</wp:attachment_url>
		<wp:postmeta>
			<wp:meta_key>_wp_attached_file</wp:meta_key>
			<wp:meta_value><![CDATA[2014/05/mic.png]]></wp:meta_value>
		</wp:postmeta>
		<wp:postmeta>
			<wp:meta_key>_wp_attachment_metadata</wp:meta_key>
			<wp:meta_value><![CDATA[a:5:{s:5:"width";i:203;s:6:"height";i:270;s:4:"file";s:15:"2014/05/mic.png";s:5:"sizes";a:1:{s:9:"thumbnail";a:4:{s:4:"file";s:15:"mic-150x150.png";s:5:"width";i:150;s:6:"height";i:150;s:9:"mime-type";s:9:"image/png";}}s:10:"image_meta";a:10:{s:8:"aperture";i:0;s:6:"credit";s:0:"";s:6:"camera";s:0:"";s:7:"caption";s:0:"";s:17:"created_timestamp";i:0;s:9:"copyright";s:0:"";s:12:"focal_length";i:0;s:3:"iso";i:0;s:13:"shutter_speed";i:0;s:5:"title";s:0:"";}}]]></wp:meta_value>
		</wp:postmeta>
		<wp:postmeta>
			<wp:meta_key>_wp_attachment_image_alt</wp:meta_key>
			<wp:meta_value><![CDATA[microphone]]></wp:meta_value>
		</wp:postmeta>
	</item>
	<item>
				<title>DrupalCon Austin</title>
		<link>http://glennhodgkinson.com/drupalcon-austin/</link>
		<pubDate>Sat, 03 May 2014 16:30:20 +0000</pubDate>
		<dc:creator><![CDATA[glenn]]></dc:creator>
		<guid isPermaLink="false">http://glennhodgkinson.com/?p=50</guid>
		<description></description>
		<content:encoded><![CDATA[The company I work for just purchased tickets for any of the staff who wanted to go to DrupalCon Austin, 2014. Sweet! Count me in!

This DrupalCon should be rocking as there is much to talk about, learn, and discover with Drupal 8 around the corner.

Can't wait to meet in person many of the other developers I speak with each week. I am really looking forward to it.

<a href="https://austin2014.drupal.org" target="_blank">You should join me there! </a>

&nbsp;]]></content:encoded>
		<excerpt:encoded><![CDATA[]]></excerpt:encoded>
		<wp:post_id>50</wp:post_id>
		<wp:post_date>2014-05-03 16:30:20</wp:post_date>
		<wp:post_date_gmt>2014-05-03 16:30:20</wp:post_date_gmt>
		<wp:comment_status>closed</wp:comment_status>
		<wp:ping_status>open</wp:ping_status>
		<wp:post_name>drupalcon-austin</wp:post_name>
		<wp:status>publish</wp:status>
		<wp:post_parent>0</wp:post_parent>
		<wp:menu_order>0</wp:menu_order>
		<wp:post_type>post</wp:post_type>
		<wp:post_password></wp:post_password>
		<wp:is_sticky>0</wp:is_sticky>
		<category domain="post_tag" nicename="drupal"><![CDATA[Drupal]]></category>
		<category domain="post_tag" nicename="drupalcon"><![CDATA[DrupalCon]]></category>
		<category domain="post_tag" nicename="events"><![CDATA[Events]]></category>
		<category domain="category" nicename="uncategorized"><![CDATA[Uncategorized]]></category>
		<wp:postmeta>
			<wp:meta_key>_edit_last</wp:meta_key>
			<wp:meta_value><![CDATA[1]]></wp:meta_value>
		</wp:postmeta>
	</item>
	<item>
				<title>Blog</title>
		<link>http://glennhodgkinson.com/blog/</link>
		<pubDate>Sat, 03 May 2014 15:44:51 +0000</pubDate>
		<dc:creator><![CDATA[glenn]]></dc:creator>
		<guid isPermaLink="false">http://glennhodgkinson.com/?page_id=53</guid>
		<description></description>
		<content:encoded><![CDATA[]]></content:encoded>
		<excerpt:encoded><![CDATA[]]></excerpt:encoded>
		<wp:post_id>53</wp:post_id>
		<wp:post_date>2014-05-03 15:44:51</wp:post_date>
		<wp:post_date_gmt>2014-05-03 15:44:51</wp:post_date_gmt>
		<wp:comment_status>closed</wp:comment_status>
		<wp:ping_status>open</wp:ping_status>
		<wp:post_name>blog</wp:post_name>
		<wp:status>publish</wp:status>
		<wp:post_parent>0</wp:post_parent>
		<wp:menu_order>0</wp:menu_order>
		<wp:post_type>page</wp:post_type>
		<wp:post_password></wp:post_password>
		<wp:is_sticky>0</wp:is_sticky>
		<wp:postmeta>
			<wp:meta_key>_edit_last</wp:meta_key>
			<wp:meta_value><![CDATA[1]]></wp:meta_value>
		</wp:postmeta>
		<wp:postmeta>
			<wp:meta_key>_wp_page_template</wp:meta_key>
			<wp:meta_value><![CDATA[tpl_blog.php]]></wp:meta_value>
		</wp:postmeta>
	</item>
	<item>
				<title>Typecast - Nice!</title>
		<link>http://glennhodgkinson.com/typecast-nice/</link>
		<pubDate>Sat, 03 May 2014 16:14:22 +0000</pubDate>
		<dc:creator><![CDATA[glenn]]></dc:creator>
		<guid isPermaLink="false">http://glennhodgkinson.com/?p=55</guid>
		<description></description>
		<content:encoded><![CDATA[I have been using <a href="http://typecast.com/" target="_blank">Typecast</a> for a while now and it is a wonderful tool.

If you design content first, and you really should, then using Typecast early on is a great option before building out your style tiles, component styles, wireframes, etc, etc...

You have access to thousands of fonts, are able to compare options side-by-side, and even access the CSS behind it.

I use it with every new client and their feedback has been great. It's quick to use and enables design and development teams to focus on the content.

Our simple rule of thumb now is: the site has to look great and work well with just the styles we can get out of Typecast. All of the additional styling that gets layered onto the final design is simply a bonus.]]></content:encoded>
		<excerpt:encoded><![CDATA[]]></excerpt:encoded>
		<wp:post_id>55</wp:post_id>
		<wp:post_date>2014-05-03 16:14:22</wp:post_date>
		<wp:post_date_gmt>2014-05-03 16:14:22</wp:post_date_gmt>
		<wp:comment_status>closed</wp:comment_status>
		<wp:ping_status>open</wp:ping_status>
		<wp:post_name>typecast-nice</wp:post_name>
		<wp:status>publish</wp:status>
		<wp:post_parent>0</wp:post_parent>
		<wp:menu_order>0</wp:menu_order>
		<wp:post_type>post</wp:post_type>
		<wp:post_password></wp:post_password>
		<wp:is_sticky>0</wp:is_sticky>
		<category domain="category" nicename="uncategorized"><![CDATA[Uncategorized]]></category>
		<wp:postmeta>
			<wp:meta_key>_edit_last</wp:meta_key>
			<wp:meta_value><![CDATA[1]]></wp:meta_value>
		</wp:postmeta>
	</item>
	<item>
				<title>Archives</title>
		<link>http://glennhodgkinson.com/archives/</link>
		<pubDate>Wed, 07 May 2014 03:01:18 +0000</pubDate>
		<dc:creator><![CDATA[glenn]]></dc:creator>
		<guid isPermaLink="false">http://glennhodgkinson.com/?page_id=63</guid>
		<description></description>
		<content:encoded><![CDATA[]]></content:encoded>
		<excerpt:encoded><![CDATA[]]></excerpt:encoded>
		<wp:post_id>63</wp:post_id>
		<wp:post_date>2014-05-07 03:01:18</wp:post_date>
		<wp:post_date_gmt>2014-05-07 03:01:18</wp:post_date_gmt>
		<wp:comment_status>closed</wp:comment_status>
		<wp:ping_status>open</wp:ping_status>
		<wp:post_name>archives</wp:post_name>
		<wp:status>publish</wp:status>
		<wp:post_parent>0</wp:post_parent>
		<wp:menu_order>0</wp:menu_order>
		<wp:post_type>page</wp:post_type>
		<wp:post_password></wp:post_password>
		<wp:is_sticky>0</wp:is_sticky>
		<wp:postmeta>
			<wp:meta_key>_edit_last</wp:meta_key>
			<wp:meta_value><![CDATA[1]]></wp:meta_value>
		</wp:postmeta>
		<wp:postmeta>
			<wp:meta_key>_wp_page_template</wp:meta_key>
			<wp:meta_value><![CDATA[archive.php]]></wp:meta_value>
		</wp:postmeta>
	</item>
	<item>
				<title>Home</title>
		<link>http://glennhodgkinson.com/</link>
		<pubDate>Wed, 07 May 2014 03:13:21 +0000</pubDate>
		<dc:creator><![CDATA[glenn]]></dc:creator>
		<guid isPermaLink="false">http://glennhodgkinson.com/?page_id=65</guid>
		<description></description>
		<content:encoded><![CDATA[Oh, hello!

How embarrassing, this website is not complete as yet and so the content is really just placeholder content. Not particularly interesting, but seeing as though nobody reads anyway it probably doesn't really matter a great deal. In fact, if you are reading this sentence you should probably pause for a moment and congratulate yourself.

Okay, so you are still reading huh? Quite the overachiever aren't you.

Have you not discovered Google Images? It's pretty cool, you can look at pretty pictures and there are no words to get in the way. It's real nice.

Lorem ipsum dolor sit amet, consectetur adipisicing elit. Doloremque, sequi, aliquid magnam temporibus iste assumenda vitae nihil consequatur minus recusandae rerum praesentium neque animi qui quo natus unde tempora reiciendis!

There we go! That put a stop to all that reading nonsense...didn't it???

Still don't believe me? Have a look around and read some of this stuff. It took just a few minutes to put together and is only skin deep.

<a href="https://twitter.com/bostonid">Hassle me on Twitter</a> and I will try to get this done.]]></content:encoded>
		<excerpt:encoded><![CDATA[]]></excerpt:encoded>
		<wp:post_id>65</wp:post_id>
		<wp:post_date>2014-05-07 03:13:21</wp:post_date>
		<wp:post_date_gmt>2014-05-07 03:13:21</wp:post_date_gmt>
		<wp:comment_status>closed</wp:comment_status>
		<wp:ping_status>open</wp:ping_status>
		<wp:post_name>home</wp:post_name>
		<wp:status>publish</wp:status>
		<wp:post_parent>0</wp:post_parent>
		<wp:menu_order>0</wp:menu_order>
		<wp:post_type>page</wp:post_type>
		<wp:post_password></wp:post_password>
		<wp:is_sticky>0</wp:is_sticky>
		<wp:postmeta>
			<wp:meta_key>_edit_last</wp:meta_key>
			<wp:meta_value><![CDATA[1]]></wp:meta_value>
		</wp:postmeta>
		<wp:postmeta>
			<wp:meta_key>_wp_page_template</wp:meta_key>
			<wp:meta_value><![CDATA[default]]></wp:meta_value>
		</wp:postmeta>
	</item>
	<item>
				<title>* CSS Selector</title>
		<link>http://glennhodgkinson.com/the-everything-css-selector/</link>
		<pubDate>Sat, 10 May 2014 04:31:42 +0000</pubDate>
		<dc:creator><![CDATA[glenn]]></dc:creator>
		<guid isPermaLink="false">http://glennhodgkinson.com/?p=79</guid>
		<description></description>
		<content:encoded><![CDATA[Everywhere people are ranting and raving that you should never, ever, ever, ever use the * (everything) selector in your CSS stylesheets.

Well, I disagree.

I mean don't use it like <strong><em>.page &gt; *</em></strong> because that would be mad but at the top of your stylesheet to apply something useful - yep, just do it.

After my typical CSS reset I now add:

<em><strong>*, *:before, *:after {</strong></em>
<em><strong>    -moz-box-sizing: border-box;</strong></em>
<em><strong>    -webkit-box-sizing: border-box;</strong></em>
<em><strong>    box-sizing: border-box;</strong></em>
<em><strong> }</strong></em>

Finally something Microsoft got right back in the day can now be achieved quickly with great support!

I have started to use it on all my projects now, after several successful pilot sites which showed that it adds about 30ms to the page load.

So, next time somebody screams in your face for using the everything selector just softly blow a raspberry and invite them to compare pages loads with their sites, which are probably JS library laden, unminimized, unzipped, uncompressed , redundant tag wielding behemoths but without the everything selector.

&nbsp;]]></content:encoded>
		<excerpt:encoded><![CDATA[]]></excerpt:encoded>
		<wp:post_id>79</wp:post_id>
		<wp:post_date>2014-05-10 04:31:42</wp:post_date>
		<wp:post_date_gmt>2014-05-10 04:31:42</wp:post_date_gmt>
		<wp:comment_status>closed</wp:comment_status>
		<wp:ping_status>open</wp:ping_status>
		<wp:post_name>the-everything-css-selector</wp:post_name>
		<wp:status>publish</wp:status>
		<wp:post_parent>0</wp:post_parent>
		<wp:menu_order>0</wp:menu_order>
		<wp:post_type>post</wp:post_type>
		<wp:post_password></wp:post_password>
		<wp:is_sticky>0</wp:is_sticky>
		<category domain="category" nicename="uncategorized"><![CDATA[Uncategorized]]></category>
		<wp:postmeta>
			<wp:meta_key>_edit_last</wp:meta_key>
			<wp:meta_value><![CDATA[1]]></wp:meta_value>
		</wp:postmeta>
	</item>
</channel>
</rss>
